timestamp,energy_kwh_true,energy_kwh_pred,high_peak_true,high_peak_pred
2025-05-26 03:00:00,24.81,34.7273274349496,0,0
2025-05-26 04:00:00,33.76,39.60934266051012,0,0
2025-05-26 05:00:00,85.61,78.0333827746742,1,1
2025-05-26 06:00:00,23.39,25.106969329624853,0,0
2025-05-26 06:00:00,102.16,100.0643589236937,1,1
2025-05-26 06:00:00,124.55,112.41951503603791,1,1
2025-05-26 08:00:00,33.24,30.80969872523951,0,0
2025-05-26 09:00:00,39.85,39.73788326887904,0,0
2025-05-26 09:00:00,45.18,46.23610172666183,0,0
2025-05-26 10:00:00,77.19,75.65026373831046,1,1
2025-05-26 10:00:00,33.55,36.654166558174964,0,0
2025-05-26 10:00:00,107.85,112.82923736949165,1,1
2025-05-26 11:00:00,47.94,47.77153964441265,0,0
2025-05-26 12:00:00,98.63,101.279360003426,1,1
2025-05-26 13:00:00,49.35,44.611146566190826,0,0
2025-05-26 14:00:00,116.01,115.38140927123007,1,1
2025-05-26 14:00:00,80.47,82.32124113759869,1,1
2025-05-26 15:00:00,61.98,62.306809900902024,0,0
2025-05-26 16:00:00,57.09,59.34763575408613,0,1
2025-05-26 16:00:00,54.6,45.727754884223515,0,0
2025-05-26 18:00:00,41.79,45.02823608069534,0,0
2025-05-26 18:00:00,34.49,33.321951348365275,0,0
2025-05-26 19:00:00,88.84,84.32310204539758,1,1
2025-05-26 20:00:00,37.78,36.503388495353555,0,0
2025-05-26 20:00:00,112.42,110.24466770285896,1,1
2025-05-26 22:00:00,114.99,106.84435523409724,1,1
2025-05-26 23:00:00,100.9,93.68766103604133,1,1
2025-05-26 23:00:00,29.16,32.13875196606284,0,0
2025-05-26 23:00:00,40.73,54.44521334210453,0,0
2025-05-27 00:00:00,29.15,27.385649948229354,0,0
2025-05-27 01:00:00,49.71,49.609751151442524,0,0
2025-05-27 02:00:00,22.65,22.466942823763887,0,0
2025-05-27 02:00:00,51.31,47.34936618732803,0,0
2025-05-27 03:00:00,34.54,27.877211058490584,0,0
2025-05-27 04:00:00,37.55,36.00491186534627,0,0
2025-05-27 06:00:00,65.12,61.77711669873155,1,1
2025-05-27 06:00:00,34.6,36.68838506582797,0,0
2025-05-27 07:00:00,67.23,73.63641474761191,1,1
2025-05-27 07:00:00,41.58,36.287275528831614,0,0
2025-05-27 08:00:00,40.18,40.918082416376286,0,0
2025-05-27 08:00:00,35.92,36.28265891223965,0,0
2025-05-27 08:00:00,100.2,101.4304677356163,1,1
2025-05-27 09:00:00,25.71,25.23413004047225,0,0
2025-05-27 10:00:00,31.51,39.06651267986619,0,0
2025-05-27 10:00:00,40.59,39.67292036314126,0,0
2025-05-27 11:00:00,98.2,94.64727306185799,1,1
2025-05-27 11:00:00,26.58,27.05821956675129,0,0
2025-05-27 12:00:00,25.17,30.646155104270797,0,0
2025-05-27 12:00:00,41.26,42.562798838225234,0,0
2025-05-27 12:00:00,33.33,35.88420516893646,0,0
2025-05-27 13:00:00,44.26,43.06608886113387,0,0
2025-05-27 17:00:00,53.74,50.309382787583516,0,0
2025-05-27 17:00:00,114.99,110.8120468400034,1,1
2025-05-27 18:00:00,23.5,24.233154280854002,0,0
2025-05-27 19:00:00,27.9,34.7593517744985,0,0
2025-05-27 21:00:00,23.54,24.563255749872244,0,0
2025-05-27 22:00:00,108.74,103.64136470936435,1,1
2025-05-28 02:00:00,54.58,57.0991927464948,0,0
2025-05-28 02:00:00,68.73,76.93951459146078,1,1
2025-05-28 02:00:00,32.04,32.05186344612579,0,0
2025-05-28 03:00:00,31.54,39.9943120876206,0,0
2025-05-28 05:00:00,28.33,26.129814148466785,0,0
2025-05-28 06:00:00,40.38,48.015610960934374,0,0
2025-05-28 08:00:00,59.67,60.74163689895339,0,1
2025-05-28 08:00:00,39.36,39.840126783841754,0,0
2025-05-28 09:00:00,44.95,43.09674929733877,0,0
2025-05-28 11:00:00,103.7,107.5105372092149,1,1
2025-05-28 17:00:00,46.76,42.93829618341534,0,0
2025-05-28 17:00:00,23.82,31.139253935031533,0,0
2025-05-28 18:00:00,51.7,45.467148232098495,0,0
2025-05-28 18:00:00,38.56,39.02046858454288,0,0
2025-05-28 19:00:00,27.75,39.173696259043254,0,0
2025-05-28 21:00:00,92.7,89.75152652144399,1,1
2025-05-28 23:00:00,37.34,39.62110595028325,0,0
2025-05-29 00:00:00,74.27,77.41447318575925,1,1
2025-05-29 00:00:00,44.12,47.181420395701366,0,0
2025-05-29 01:00:00,22.79,29.324001989316137,0,0
2025-05-29 01:00:00,70.74,79.04344515533245,1,1
2025-05-29 01:00:00,55.8,56.43495870100624,0,0
2025-05-29 01:00:00,49.41,50.190294752033715,0,0
2025-05-29 02:00:00,8.09,15.039892908172334,0,0
2025-05-29 04:00:00,36.84,35.60640637722503,0,0
2025-05-29 04:00:00,141.72,132.00046479854086,1,1
2025-05-29 05:00:00,51.01,56.15133083701751,0,0
2025-05-29 06:00:00,42.56,44.22302356307359,0,0
2025-05-29 06:00:00,19.57,28.689872427787048,0,0
2025-05-29 07:00:00,30.24,37.66283128283532,0,0
2025-05-29 08:00:00,25.5,28.228533535960466,0,0
2025-05-29 08:00:00,67.68,59.60812635874375,1,0
2025-05-29 09:00:00,35.19,34.21800234700598,0,0
2025-05-29 09:00:00,31.88,33.67485433107107,0,0
2025-05-29 09:00:00,26.93,26.08310261588274,0,0
2025-05-29 10:00:00,37.29,37.790851107117675,0,0
2025-05-29 10:00:00,26.07,27.34923057228331,0,0
2025-05-29 11:00:00,44.95,41.854942326481705,0,0
2025-05-29 11:00:00,41.89,42.91113764322465,0,0
2025-05-29 12:00:00,25.01,34.477638761140135,0,0
2025-05-29 13:00:00,33.32,28.620286826249313,0,0
2025-05-29 13:00:00,76.72,77.6181255544938,1,1
2025-05-29 13:00:00,38.04,38.71126209631808,0,0
2025-05-29 14:00:00,30.03,36.86543240921464,0,0
2025-05-29 15:00:00,58.84,55.76093686853086,0,0
2025-05-29 16:00:00,46.42,49.967070780443535,0,0
2025-05-29 16:00:00,41.79,49.39079311721335,0,0
2025-05-29 17:00:00,97.82,99.83147403032171,1,1
2025-05-29 17:00:00,35.46,38.11914554493275,0,0
2025-05-29 17:00:00,47.3,38.3481605264226,0,0
2025-05-29 19:00:00,96.4,92.10377411492153,1,1
2025-05-29 20:00:00,39.69,37.32704058727178,0,0
2025-05-29 23:00:00,34.66,30.089531398009125,0,0
2025-05-29 23:00:00,19.85,25.96761664972798,0,0
2025-05-29 23:00:00,27.42,29.229375316627205,0,0
2025-05-29 23:00:00,33.66,38.30116046754171,0,0
2025-05-30 00:00:00,103.79,102.52146391275804,1,1
2025-05-30 00:00:00,31.54,32.68410835634552,0,0
2025-05-30 01:00:00,22.87,22.45890604206877,0,0
2025-05-30 01:00:00,126.56,127.82440475454544,1,1
2025-05-30 03:00:00,32.69,27.213998444849167,0,0
2025-05-30 04:00:00,36.75,28.227540232091812,0,0
2025-05-30 04:00:00,38.07,38.0267963933972,0,0
2025-05-30 05:00:00,61.36,57.50139992519104,0,0
2025-05-30 06:00:00,44.15,48.9184434763681,0,0
2025-05-30 07:00:00,33.2,34.960156651445594,0,0
2025-05-30 08:00:00,33.03,39.07421726044812,0,0
2025-05-30 09:00:00,48.43,42.11895665877369,0,0
2025-05-30 10:00:00,25.99,27.482896272487157,0,0
2025-05-30 11:00:00,33.02,32.91703624454763,0,0
2025-05-30 11:00:00,33.04,36.06351689127597,0,0
2025-05-30 12:00:00,43.35,41.24524891655053,0,0
2025-05-30 12:00:00,74.51,82.5158224763156,1,1
2025-05-30 13:00:00,107.17,108.04978690593714,1,1
2025-05-30 14:00:00,92.04,92.99124776237453,1,1
2025-05-30 15:00:00,76.59,72.82855985186536,1,1
2025-05-30 15:00:00,108.02,101.89364904939234,1,1
2025-05-30 18:00:00,44.13,37.19608947785802,0,0
2025-05-30 19:00:00,57.81,48.04455484381895,0,0
2025-05-30 20:00:00,59.86,66.92588241568276,0,1
2025-05-30 20:00:00,103.14,98.2902802431389,1,1
2025-05-30 21:00:00,84.72,91.95294018769056,1,1
2025-05-30 22:00:00,43.58,31.75805235451203,0,0
2025-05-30 23:00:00,90.54,91.23062688849696,1,1
2025-05-31 00:00:00,57.58,64.83623982456662,0,1
2025-05-31 02:00:00,41.41,38.77253874481224,0,0
2025-05-31 02:00:00,113.41,105.44248195857676,1,1
2025-05-31 03:00:00,41.12,44.54661576293332,0,0
2025-05-31 03:00:00,36.14,33.5132216165646,0,0
2025-05-31 03:00:00,95.71,93.19829149547871,1,1
2025-05-31 04:00:00,39.94,48.46760661846673,0,0
2025-05-31 04:00:00,17.01,23.864213541340366,0,0
2025-05-31 06:00:00,42.0,41.82959209273648,0,0
2025-05-31 06:00:00,83.04,78.13576596545346,1,1
2025-05-31 07:00:00,17.97,24.499571104553304,0,0
2025-05-31 07:00:00,31.79,35.66664405650495,0,0
2025-05-31 09:00:00,28.4,39.10633985145747,0,0
2025-05-31 10:00:00,23.9,30.908587835088095,0,0
2025-05-31 10:00:00,35.58,29.54354813073792,0,0
2025-05-31 10:00:00,45.08,49.62501137732106,0,0
2025-05-31 11:00:00,21.1,28.99017036577764,0,0
2025-05-31 11:00:00,32.81,29.601995109343076,0,0
2025-05-31 12:00:00,77.7,72.65059321694659,1,1
2025-05-31 13:00:00,33.65,36.203851295068425,0,0
2025-05-31 18:00:00,51.3,47.773001032694154,0,0
2025-05-31 18:00:00,58.54,59.749041506047284,0,0
2025-05-31 19:00:00,36.67,39.672135425909836,0,0
2025-05-31 19:00:00,40.54,20.783832044522953,0,0
2025-05-31 22:00:00,63.37,62.16763082032642,0,0
2025-05-31 22:00:00,31.12,29.949525112710838,0,0
2025-05-31 23:00:00,49.83,58.25623423160605,0,0
2025-05-31 23:00:00,56.08,38.47759874110759,0,0
2025-06-01 00:00:00,34.17,40.15003540425581,0,0
2025-06-01 02:00:00,33.4,36.884649993535575,0,0
2025-06-01 03:00:00,57.55,61.676968942900544,0,0
2025-06-01 03:00:00,45.01,38.1203373831237,0,0
2025-06-01 04:00:00,44.77,37.58108239834502,0,0
2025-06-01 05:00:00,79.92,83.86632043149365,1,1
2025-06-01 05:00:00,42.09,45.00574875901761,0,0
2025-06-01 05:00:00,66.95,62.02957785744916,1,0
2025-06-01 05:00:00,43.64,39.61176199351556,0,0
2025-06-01 05:00:00,30.67,38.51201562384302,0,0
2025-06-01 06:00:00,48.69,43.70523167160935,0,0
2025-06-01 06:00:00,63.64,62.24208096876828,0,1
2025-06-01 07:00:00,104.88,97.84227086260466,1,1
2025-06-01 08:00:00,61.22,55.204155887927264,0,0
2025-06-01 09:00:00,45.51,47.34742982410527,0,0
2025-06-01 10:00:00,91.56,93.78959156498229,1,1
2025-06-01 10:00:00,33.36,33.29486731338394,0,0
2025-06-01 10:00:00,53.12,43.99479270345482,0,0
2025-06-01 11:00:00,37.29,31.200990684559727,0,0
2025-06-01 12:00:00,46.15,45.31168450709946,0,0
2025-06-01 12:00:00,26.71,23.134809156896473,0,0
2025-06-01 13:00:00,39.15,43.294364391456746,0,0
2025-06-01 13:00:00,35.39,43.95184796969315,0,0
2025-06-01 13:00:00,41.86,41.0847144254472,0,0
2025-06-01 14:00:00,69.66,75.35990543734724,1,1
2025-06-01 14:00:00,58.36,59.34600357160073,0,0
2025-06-01 16:00:00,30.47,34.44017404691711,0,0
2025-06-01 17:00:00,48.99,54.69603591027423,0,0
2025-06-01 18:00:00,45.69,42.83050836668488,0,0
2025-06-01 18:00:00,88.91,83.72747233519199,1,1
2025-06-01 18:00:00,38.3,33.74962970937642,0,0
2025-06-01 18:00:00,61.08,60.47864929978537,0,0
2025-06-01 19:00:00,102.39,93.74196663854609,1,1
2025-06-01 19:00:00,34.54,36.15467584428658,0,0
2025-06-01 20:00:00,63.71,56.249999687096825,0,0
2025-06-01 20:00:00,51.8,53.15841504519276,0,0
2025-06-01 20:00:00,38.34,37.905211291416684,0,0
2025-06-01 20:00:00,45.22,43.49486056819196,0,0
2025-06-01 21:00:00,36.67,24.178562809629845,0,0
2025-06-01 21:00:00,106.14,107.12493117017627,1,1
2025-06-01 21:00:00,103.24,92.39826279264662,1,1
2025-06-01 21:00:00,53.39,56.760427546250526,0,0
2025-06-02 00:00:00,28.87,36.50471446130898,0,0
2025-06-02 02:00:00,44.76,36.4015663785892,0,0
2025-06-02 04:00:00,42.15,43.59861330773525,0,0
2025-06-02 06:00:00,54.13,49.66619926052513,0,0
2025-06-02 06:00:00,50.27,41.62135941996765,0,0
2025-06-02 07:00:00,39.83,39.02079640092973,0,0
2025-06-02 07:00:00,46.09,34.52164260439922,0,0
2025-06-02 09:00:00,40.05,41.22384970056411,0,0
2025-06-02 09:00:00,41.15,44.94676305080855,0,0
2025-06-02 11:00:00,40.87,37.539035028217846,0,0
2025-06-02 14:00:00,95.49,92.11365835575737,1,1
2025-06-02 15:00:00,74.51,72.47346095653415,1,1
2025-06-02 15:00:00,43.61,38.1661428889422,0,0
2025-06-02 16:00:00,32.12,33.37963598878653,0,0
2025-06-02 17:00:00,40.41,48.31980290947819,0,0
2025-06-02 19:00:00,53.15,52.402273188353014,0,0
2025-06-02 21:00:00,46.42,48.48052367007931,0,0
2025-06-02 22:00:00,39.14,39.00330387186627,0,0
2025-06-02 22:00:00,35.19,35.18056530983178,0,0
2025-06-02 23:00:00,33.1,34.05338320614412,0,0
2025-06-03 00:00:00,62.36,60.020032587158326,0,0
2025-06-03 00:00:00,37.87,30.416747603686456,0,0
2025-06-03 00:00:00,96.56,103.38749582796822,1,1
2025-06-03 01:00:00,81.04,85.28296424104248,1,1
2025-06-03 02:00:00,31.15,37.42442228621101,0,0
2025-06-03 02:00:00,31.57,25.822011801456632,0,0
2025-06-03 03:00:00,44.79,45.65431669462339,0,0
2025-06-03 03:00:00,50.41,56.308201002834416,0,0
2025-06-03 03:00:00,36.91,36.434502684407946,0,0
2025-06-03 04:00:00,39.11,35.48319639306052,0,0
2025-06-03 04:00:00,15.07,25.933303116869062,0,0
2025-06-03 04:00:00,56.69,44.467544524909016,0,0
2025-06-03 05:00:00,52.16,49.73530986615374,0,0
2025-06-03 06:00:00,70.89,67.41306691437593,1,1
2025-06-03 07:00:00,58.26,54.811962630687184,0,0
2025-06-03 09:00:00,35.9,40.6359877076115,0,0
2025-06-03 09:00:00,17.49,18.211442784113643,0,0
2025-06-03 09:00:00,56.95,60.155238797031714,0,0
2025-06-03 10:00:00,90.72,82.36156088900742,1,1
2025-06-03 11:00:00,77.66,80.69277760885748,1,1
2025-06-03 15:00:00,50.48,54.00229212053878,0,0
2025-06-03 15:00:00,42.01,39.11076634913272,0,0
2025-06-03 18:00:00,33.67,31.053931803694155,0,0
2025-06-03 19:00:00,45.43,46.944238629744746,0,0
2025-06-03 22:00:00,35.39,36.9499090222103,0,0
2025-06-03 23:00:00,52.37,50.86056896822552,0,0
2025-06-04 00:00:00,29.56,37.93646425320155,0,0
2025-06-04 00:00:00,91.36,89.30225718954686,1,1
2025-06-04 00:00:00,32.06,38.1809511427006,0,0
2025-06-04 01:00:00,38.84,38.50646552670601,0,0
2025-06-04 01:00:00,47.51,46.087603614974974,0,0
2025-06-04 01:00:00,44.91,44.590965628415034,0,0
2025-06-04 03:00:00,47.43,45.89017855797127,0,0
2025-06-04 03:00:00,44.18,44.37190756946784,0,0
2025-06-04 03:00:00,33.62,32.64166820921733,0,0
2025-06-04 04:00:00,35.35,26.97546225662913,0,0
2025-06-04 04:00:00,34.46,35.63148796387347,0,0
2025-06-04 05:00:00,96.54,91.45306147205056,1,1
2025-06-04 05:00:00,171.91,167.10003930016396,1,1
2025-06-04 06:00:00,128.39,112.99083179316176,1,1
2025-06-04 06:00:00,47.42,46.79750761131545,0,0
2025-06-04 09:00:00,27.43,27.68359075175846,0,0
2025-06-04 13:00:00,41.13,35.773302667641246,0,0
2025-06-04 13:00:00,49.15,48.84965609914696,0,0
2025-06-04 15:00:00,30.49,39.72630916464456,0,0
2025-06-04 16:00:00,34.11,34.01030692956613,0,0
2025-06-04 17:00:00,37.06,39.6887451370004,0,0
2025-06-04 17:00:00,51.34,53.7622611955959,0,0
2025-06-04 17:00:00,52.03,53.451952821558535,0,0
2025-06-04 18:00:00,50.04,55.12245375710163,0,0
2025-06-04 19:00:00,123.97,123.18132015592172,1,1
2025-06-04 20:00:00,35.57,30.563276073852858,0,0
2025-06-04 20:00:00,54.47,59.93742689360802,0,0
2025-06-04 20:00:00,89.73,92.2301365350365,1,1
2025-06-04 22:00:00,65.85,62.9201525777199,1,0
2025-06-04 23:00:00,31.94,34.396663380032706,0,0
2025-06-04 23:00:00,43.56,43.64218481856955,0,0
2025-06-04 23:00:00,105.55,105.83926818378909,1,1
2025-06-04 23:00:00,21.26,29.624749330337533,0,0
2025-06-04 23:00:00,81.42,84.07404153985948,1,1
2025-06-04 23:00:00,88.57,81.08487962812174,1,1
2025-06-04 23:00:00,73.52,70.97679455646042,1,1
2025-06-05 02:00:00,80.47,81.59448811412372,1,1
2025-06-05 02:00:00,32.52,36.21031038639634,0,0
2025-06-05 03:00:00,36.02,38.56340467939337,0,0
2025-06-05 04:00:00,74.56,69.00435196200046,1,1
2025-06-05 05:00:00,72.26,63.002519640838024,1,0
2025-06-05 06:00:00,50.45,40.548347108229535,0,0
2025-06-05 06:00:00,103.45,101.31077201447323,1,1
2025-06-05 06:00:00,44.9,45.20018545158794,0,0
2025-06-05 06:00:00,42.28,46.14557600969987,0,0
2025-06-05 07:00:00,69.68,70.23021931637027,1,1
2025-06-05 09:00:00,45.9,47.78684361614281,0,0
2025-06-05 09:00:00,61.82,67.85524269573627,0,1
2025-06-05 10:00:00,34.11,33.50871824104621,0,0
2025-06-05 10:00:00,49.41,41.61662317443572,0,0
2025-06-05 11:00:00,55.7,51.442476476749974,0,0
2025-06-05 11:00:00,26.37,29.40361921844655,0,0
2025-06-05 12:00:00,31.32,36.30969470240095,0,0
2025-06-05 13:00:00,104.55,100.27220395806998,1,1
2025-06-05 14:00:00,33.33,39.948312793640454,0,0
2025-06-05 14:00:00,31.55,37.016218199107755,0,0
2025-06-05 15:00:00,54.77,47.10969920843885,0,0
2025-06-05 15:00:00,30.56,25.926521206872675,0,0
2025-06-05 15:00:00,40.76,37.896595223082,0,0
2025-06-05 15:00:00,24.78,25.046391549044973,0,0
2025-06-05 15:00:00,37.09,38.254960354772734,0,0
2025-06-05 16:00:00,35.62,36.81125539199383,0,0
2025-06-05 16:00:00,91.69,99.24462289535313,1,1
2025-06-05 17:00:00,60.08,48.26761258479172,0,0
2025-06-05 18:00:00,76.31,85.09819099792657,1,1
2025-06-05 20:00:00,36.37,30.81538337023778,0,0
2025-06-05 20:00:00,92.83,81.81388503066037,1,1
2025-06-05 21:00:00,33.93,29.8529405601518,0,0
2025-06-05 21:00:00,65.02,76.1298250376723,1,1
2025-06-05 23:00:00,64.71,62.935678715674726,1,1
2025-06-05 23:00:00,47.43,42.86777403411736,0,0
2025-06-06 00:00:00,101.98,99.94353852503178,1,1
2025-06-06 00:00:00,50.5,50.39354291821806,0,0
2025-06-06 00:00:00,77.21,82.2337209410087,1,1
2025-06-06 02:00:00,49.69,49.393707048722035,0,0
2025-06-06 03:00:00,49.37,45.181484626576335,0,0
2025-06-06 03:00:00,27.04,26.830418239858233,0,0
2025-06-06 03:00:00,29.96,27.43450055099931,0,0
2025-06-06 03:00:00,88.24,88.23395573427459,1,1
2025-06-06 04:00:00,42.79,45.65053317416346,0,0
2025-06-06 04:00:00,69.08,77.60592758747254,1,1
2025-06-06 04:00:00,98.96,102.23304092387693,1,1
2025-06-06 04:00:00,57.12,57.18561297743711,0,0
2025-06-06 06:00:00,143.19,140.94034826995835,1,1
2025-06-06 07:00:00,16.33,14.995266876186292,0,0
2025-06-06 08:00:00,33.62,34.0752686009143,0,0
2025-06-06 08:00:00,42.15,48.64603232192744,0,0
2025-06-06 10:00:00,20.63,21.569972523361024,0,0
2025-06-06 12:00:00,40.95,38.215260576656796,0,0
2025-06-06 12:00:00,42.74,35.34558918676396,0,0
2025-06-06 13:00:00,19.08,24.81605666959758,0,0
2025-06-06 13:00:00,29.03,22.449297074209433,0,0
2025-06-06 14:00:00,32.33,37.41550879757457,0,0
2025-06-06 14:00:00,51.44,56.08424088307857,0,0
2025-06-06 15:00:00,67.01,69.36073267974737,1,1
2025-06-06 15:00:00,33.14,34.200126484285036,0,0
2025-06-06 16:00:00,29.16,38.02608484526016,0,0
2025-06-06 16:00:00,90.16,91.17353037848353,1,1
2025-06-06 18:00:00,130.07,132.29925449840414,1,1
2025-06-06 18:00:00,49.97,41.63397044072836,0,0
2025-06-06 19:00:00,50.93,49.53918911007499,0,0
2025-06-06 20:00:00,49.45,43.64981224619731,0,0
2025-06-06 20:00:00,23.08,25.765896966461725,0,0
2025-06-06 20:00:00,40.98,40.59948954858158,0,0
2025-06-06 20:00:00,46.47,46.36561151039409,0,0
2025-06-06 21:00:00,62.1,79.75198462086834,0,1
2025-06-06 22:00:00,95.07,89.85092999228922,1,1
2025-06-07 01:00:00,46.05,46.92140557609597,0,0
2025-06-07 01:00:00,46.56,43.56261844243212,0,0
2025-06-07 02:00:00,55.69,50.60342241442795,0,0
2025-06-07 04:00:00,24.4,30.5488847231614,0,0
2025-06-07 06:00:00,39.77,40.852812441985954,0,0
2025-06-07 07:00:00,33.48,35.75409819682056,0,0
2025-06-07 08:00:00,69.21,65.96064007019932,1,1
2025-06-07 09:00:00,42.59,42.53604201699299,0,0
2025-06-07 10:00:00,30.7,33.75008443620649,0,0
2025-06-07 10:00:00,73.29,81.07582494317242,1,1
2025-06-07 10:00:00,50.19,40.933367031042266,0,0
2025-06-07 11:00:00,118.0,122.74225086820044,1,1
2025-06-07 15:00:00,42.77,37.44498375692096,0,0
2025-06-07 18:00:00,50.61,44.47844780321958,0,0
2025-06-07 18:00:00,98.18,97.54563402852324,1,1
2025-06-07 20:00:00,66.67,67.71210170994523,1,1
2025-06-07 21:00:00,26.21,36.0372335606284,0,0
2025-06-07 21:00:00,60.23,59.382944101004135,0,0
2025-06-07 23:00:00,39.21,36.48951440945336,0,0
2025-06-07 23:00:00,94.92,91.55943868534689,1,1
2025-06-08 00:00:00,45.16,39.171316619294075,0,0
2025-06-08 00:00:00,46.65,42.43824477735872,0,0
2025-06-08 00:00:00,41.61,37.83939282306365,0,0
2025-06-08 01:00:00,61.77,61.71977124917804,0,0
2025-06-08 01:00:00,32.89,33.894249578624965,0,0
2025-06-08 01:00:00,65.81,73.23755187156016,1,1
2025-06-08 04:00:00,42.59,37.87677516047243,0,0
2025-06-08 05:00:00,55.31,47.141169235401584,0,0
2025-06-08 05:00:00,71.97,79.54505016820448,1,1
2025-06-08 05:00:00,47.17,45.64035969097121,0,0
2025-06-08 05:00:00,94.74,87.20197288684135,1,1
2025-06-08 05:00:00,41.65,44.237683105355266,0,0
2025-06-08 06:00:00,69.71,74.67980172804046,1,1
2025-06-08 06:00:00,109.65,111.47715261765217,1,1
2025-06-08 08:00:00,42.36,41.4365787122473,0,0
2025-06-08 09:00:00,28.41,30.289009412731357,0,0
2025-06-08 10:00:00,108.8,101.64362916656323,1,1
2025-06-08 10:00:00,48.28,49.45902794258365,0,0
2025-06-08 10:00:00,22.63,23.352782684925458,0,0
2025-06-08 11:00:00,51.53,50.91278488233927,0,0
2025-06-08 12:00:00,68.95,60.81215492622212,1,0
2025-06-08 12:00:00,35.24,32.95958135605581,0,0
2025-06-08 12:00:00,31.81,35.56053820508967,0,0
2025-06-08 13:00:00,41.54,34.13223905767421,0,0
2025-06-08 14:00:00,59.87,60.03402035213922,0,0
2025-06-08 15:00:00,37.82,44.76999902883087,0,0
2025-06-08 15:00:00,40.07,40.55710272940339,0,0
2025-06-08 16:00:00,31.32,33.205483557285305,0,0
2025-06-08 16:00:00,40.01,44.1158558075765,0,0
2025-06-08 17:00:00,60.87,58.55343520562909,0,0
2025-06-08 17:00:00,41.01,48.19303018627285,0,0
2025-06-08 18:00:00,44.76,42.612408474603434,0,0
2025-06-08 18:00:00,27.58,23.09241338385234,0,0
2025-06-08 19:00:00,37.99,37.52390950590011,0,0
2025-06-08 19:00:00,31.88,35.21680923840249,0,0
2025-06-08 20:00:00,73.58,73.33543310620266,1,1
2025-06-08 22:00:00,35.12,32.54823143586775,0,0
2025-06-08 22:00:00,34.81,32.43671966693394,0,0
2025-06-09 00:00:00,35.86,28.371179583776133,0,0
2025-06-09 02:00:00,35.42,44.17902487300981,0,0
2025-06-09 04:00:00,50.23,45.73677348705264,0,0
2025-06-09 05:00:00,58.37,58.06994174616852,0,0
2025-06-09 06:00:00,34.6,31.124789427235743,0,0
2025-06-09 07:00:00,109.96,114.95621291616686,1,1
2025-06-09 07:00:00,34.87,32.52810883988661,0,0
2025-06-09 07:00:00,96.29,98.4996266361753,1,1
2025-06-09 08:00:00,27.74,28.130311193242374,0,0
2025-06-09 09:00:00,22.35,20.013102093439635,0,0
2025-06-09 09:00:00,92.13,82.17651036452884,1,1
2025-06-09 12:00:00,53.99,49.28570145094826,0,0
2025-06-09 12:00:00,19.29,24.980278268924465,0,0
2025-06-09 12:00:00,99.58,95.9408989261359,1,1
2025-06-09 13:00:00,79.78,80.1587372023938,1,1
2025-06-09 13:00:00,24.36,32.58938749457969,0,0
2025-06-09 13:00:00,87.98,89.31960458677652,1,1
2025-06-09 14:00:00,56.35,60.973702451970965,0,0
2025-06-09 15:00:00,20.03,24.822582005107908,0,0
2025-06-09 16:00:00,46.96,42.273793040835145,0,0
2025-06-09 19:00:00,25.84,23.196500925552982,0,0
2025-06-09 19:00:00,54.49,53.903008840164844,0,0
2025-06-09 20:00:00,53.32,44.46153810941488,0,0
2025-06-09 23:00:00,100.64,97.94563682371559,1,1
2025-06-09 23:00:00,37.03,37.92173155323688,0,0
2025-06-09 23:00:00,103.46,104.62429176346984,1,1
2025-06-10 00:00:00,46.86,53.183813414341266,0,0
2025-06-10 01:00:00,77.11,71.8842139835142,1,1
2025-06-10 01:00:00,53.6,67.53601885068777,0,1
2025-06-10 03:00:00,25.42,29.535535278416102,0,0
2025-06-10 05:00:00,96.82,99.6345203045731,1,1
2025-06-10 07:00:00,36.87,35.35822662830118,0,0
2025-06-10 07:00:00,35.65,33.1336973911366,0,0
2025-06-10 08:00:00,76.58,69.9030410427695,1,1
2025-06-10 09:00:00,42.14,47.018164187611056,0,0
2025-06-10 10:00:00,153.61,146.8682292609929,1,1
2025-06-10 10:00:00,25.92,30.702047754798947,0,0
2025-06-10 10:00:00,40.86,36.51886695569979,0,0
2025-06-10 11:00:00,110.99,112.7988764396795,1,1
2025-06-10 11:00:00,53.68,55.93697250302073,0,0
2025-06-10 13:00:00,26.23,25.762296395178733,0,0
2025-06-10 14:00:00,30.68,34.47624415330911,0,0
2025-06-10 14:00:00,41.95,43.09013110216848,0,0
2025-06-10 14:00:00,93.5,90.8439212752736,1,1
2025-06-10 14:00:00,29.9,35.96840631645746,0,0
2025-06-10 14:00:00,47.45,46.18919652887363,0,0
2025-06-10 14:00:00,47.73,54.03534122280091,0,0
2025-06-10 14:00:00,34.76,30.020783195821423,0,0
2025-06-10 16:00:00,22.7,25.02391088321857,0,0
2025-06-10 16:00:00,37.79,49.33467929149825,0,0
2025-06-10 18:00:00,58.73,50.90427359872691,0,0
2025-06-10 20:00:00,29.6,35.51949914480676,0,0
2025-06-10 21:00:00,55.32,53.93041434525803,0,0
2025-06-10 22:00:00,43.45,36.176537657372975,0,0
2025-06-10 23:00:00,36.4,38.5334443856497,0,0
2025-06-11 00:00:00,47.83,47.78003083100151,0,0
2025-06-11 01:00:00,54.45,48.96660594881665,0,0
2025-06-11 01:00:00,33.38,36.40918598029454,0,0
2025-06-11 02:00:00,30.78,25.74330138025133,0,0
2025-06-11 02:00:00,50.58,49.28377565479845,0,0
2025-06-11 03:00:00,54.24,59.040131457197724,0,0
2025-06-11 03:00:00,47.43,49.70464293427207,0,0
2025-06-11 04:00:00,36.42,40.87079893127034,0,0
2025-06-11 04:00:00,31.21,31.481018461389468,0,0
2025-06-11 04:00:00,42.65,37.89054422419986,0,0
2025-06-11 07:00:00,67.0,51.49269387346107,1,0
2025-06-11 07:00:00,53.36,56.50739843914019,0,0
2025-06-11 09:00:00,38.11,36.8420406890946,0,0
2025-06-11 10:00:00,26.08,32.53692168601725,0,0
2025-06-11 11:00:00,19.22,31.12071259748439,0,0
2025-06-11 11:00:00,51.19,52.83738165436911,0,0
2025-06-11 12:00:00,47.63,50.898744045947176,0,0
2025-06-11 13:00:00,32.78,26.438776438932578,0,0
2025-06-11 14:00:00,23.99,31.713940258418802,0,0
2025-06-11 14:00:00,36.53,40.40764863926967,0,0
2025-06-11 18:00:00,105.45,111.27524822256342,1,1
2025-06-11 19:00:00,66.79,67.23522109111016,1,1
2025-06-11 20:00:00,66.23,66.9604217181406,1,1
2025-06-12 00:00:00,29.74,33.9360523829873,0,0
2025-06-12 00:00:00,48.74,47.025706154972134,0,0
2025-06-12 02:00:00,59.48,57.98060878392578,0,0
2025-06-12 04:00:00,52.11,52.44428985141105,0,0
2025-06-12 05:00:00,61.99,66.22615112975761,0,1
2025-06-12 05:00:00,28.65,32.39843010520443,0,0
2025-06-12 06:00:00,52.56,49.528974943883554,0,0
2025-06-12 07:00:00,74.31,72.54067125986681,1,1
2025-06-12 08:00:00,42.3,45.65102257788543,0,0
2025-06-12 08:00:00,26.79,19.74516836660019,0,0
2025-06-12 09:00:00,45.1,38.46685791804171,0,0
2025-06-12 09:00:00,21.13,15.851484031015893,0,0
2025-06-12 11:00:00,65.17,62.4180163775135,1,0
2025-06-12 11:00:00,49.14,40.93344690144168,0,0
2025-06-12 11:00:00,47.23,46.32764625168803,0,0
2025-06-12 12:00:00,42.76,48.58567586207322,0,0
2025-06-12 13:00:00,57.28,50.69376958677305,0,0
2025-06-12 14:00:00,45.37,44.1744903965804,0,0
2025-06-12 16:00:00,99.28,88.28804670516075,1,1
2025-06-12 16:00:00,55.74,47.24345258960474,0,0
2025-06-12 16:00:00,64.48,68.21972984073064,1,1
2025-06-12 18:00:00,53.36,56.606725823193706,0,0
2025-06-12 18:00:00,75.67,75.29419197625867,1,1
2025-06-12 18:00:00,34.76,41.53223227474055,0,0
2025-06-12 18:00:00,43.05,48.17458253008662,0,0
2025-06-12 19:00:00,45.55,43.481980176134776,0,0
2025-06-12 19:00:00,76.69,80.81738277577202,1,1
2025-06-12 20:00:00,40.39,39.73968857781289,0,0
2025-06-12 23:00:00,35.65,37.177261492297134,0,0
2025-06-13 01:00:00,125.7,131.61959103965776,1,1
2025-06-13 03:00:00,37.88,44.29842605168114,0,0
2025-06-13 04:00:00,37.65,38.58818283291892,0,0
2025-06-13 05:00:00,61.47,71.19407527560199,0,1
2025-06-13 05:00:00,46.11,43.45164781043766,0,0
2025-06-13 07:00:00,39.31,41.038875678766274,0,0
2025-06-13 08:00:00,108.58,110.04572300569403,1,1
2025-06-13 08:00:00,26.89,29.951619881064648,0,0
2025-06-13 08:00:00,37.8,38.077289461138804,0,0
2025-06-13 10:00:00,45.46,45.19869258680467,0,0
2025-06-13 11:00:00,36.81,35.55979961515419,0,0
2025-06-13 11:00:00,51.3,46.34427731162334,0,0
2025-06-13 11:00:00,41.42,37.5887419828864,0,0
2025-06-13 12:00:00,116.1,116.49787694245148,1,1
2025-06-13 12:00:00,103.75,100.92287947978525,1,1
2025-06-13 13:00:00,47.36,45.246540746205156,0,0
2025-06-13 13:00:00,42.27,32.07067441508349,0,0
2025-06-13 14:00:00,62.55,64.09344749707364,0,1
2025-06-13 15:00:00,36.74,37.79662662306543,0,0
2025-06-13 16:00:00,23.31,23.00107801309131,0,0
2025-06-13 17:00:00,49.64,46.78284900054941,0,0
2025-06-13 18:00:00,25.43,25.620200127680942,0,0
2025-06-13 20:00:00,27.28,25.877463375277408,0,0
2025-06-13 23:00:00,95.72,86.68671757220432,1,1
2025-06-13 23:00:00,38.83,41.51783753190087,0,0
2025-06-14 02:00:00,111.38,103.00991531390439,1,1
2025-06-14 03:00:00,73.4,75.48125369479972,1,1
2025-06-14 04:00:00,38.59,37.92103253292531,0,0
2025-06-14 04:00:00,33.82,34.03633108778923,0,0
2025-06-14 07:00:00,45.72,45.26604390143548,0,0
2025-06-14 07:00:00,75.44,71.86991476389522,1,1
2025-06-14 11:00:00,65.22,57.65086197569438,1,0
2025-06-14 14:00:00,35.79,23.221689426408705,0,0
2025-06-14 15:00:00,38.75,31.67195201407238,0,0
2025-06-14 16:00:00,91.77,91.25730296784388,1,1
2025-06-14 16:00:00,99.59,95.52736317900437,1,1
2025-06-14 17:00:00,68.91,71.76188594334918,1,1
2025-06-14 17:00:00,34.78,41.01354046233931,0,0
2025-06-14 17:00:00,36.24,25.914506141594565,0,0
2025-06-14 18:00:00,31.74,22.658759373242024,0,0
2025-06-14 20:00:00,27.34,34.29618508432144,0,0
2025-06-14 21:00:00,31.53,32.21246208788975,0,0
2025-06-14 21:00:00,66.85,71.75314226243442,1,1
2025-06-14 22:00:00,22.62,24.36333917983361,0,0
2025-06-14 23:00:00,90.46,89.24686244722523,1,1
2025-06-14 23:00:00,46.4,37.71024778618637,0,0
2025-06-14 23:00:00,17.87,20.159009040047344,0,0
2025-06-15 01:00:00,47.57,41.2594326115653,0,0
2025-06-15 02:00:00,111.72,109.69637883245036,1,1
2025-06-15 02:00:00,90.88,90.20949499201708,1,1
2025-06-15 03:00:00,94.98,94.73769062017843,1,1
2025-06-15 05:00:00,45.91,44.94035229435511,0,0
2025-06-15 05:00:00,59.54,54.25857224956291,0,0
2025-06-15 06:00:00,56.23,50.426503265354086,0,0
2025-06-15 06:00:00,36.64,36.22360512954782,0,0
2025-06-15 07:00:00,31.36,31.891728651768755,0,0
2025-06-15 08:00:00,102.2,107.60119316188164,1,1
2025-06-15 08:00:00,39.44,33.20737328951539,0,0
2025-06-15 09:00:00,47.99,46.05855301575987,0,0
2025-06-15 09:00:00,48.86,45.159782499364766,0,0
2025-06-15 10:00:00,41.47,49.56367270087389,0,0
2025-06-15 10:00:00,50.82,50.20465579829155,0,0
2025-06-15 10:00:00,48.58,40.91211259109252,0,0
2025-06-15 12:00:00,52.4,51.97882426417083,0,0
2025-06-15 14:00:00,44.31,40.684685447436365,0,0
2025-06-15 15:00:00,29.72,36.992607024860774,0,0
2025-06-15 16:00:00,42.6,36.34188785443928,0,0
2025-06-15 16:00:00,45.25,43.77250082302817,0,0
2025-06-15 16:00:00,29.76,27.402518413536562,0,0
2025-06-15 17:00:00,32.58,30.947544553641702,0,0
2025-06-15 18:00:00,44.68,45.980433211771995,0,0
2025-06-15 20:00:00,35.98,36.32905237081391,0,0
2025-06-15 21:00:00,12.06,19.325227463538333,0,0
2025-06-15 21:00:00,32.21,36.13541547893779,0,0
2025-06-15 21:00:00,105.34,107.50550584296475,1,1
2025-06-15 22:00:00,100.65,104.0718700940516,1,1
2025-06-15 22:00:00,33.44,32.09169592312864,0,0
2025-06-15 23:00:00,48.63,46.412882586384,0,0
2025-06-15 23:00:00,36.41,37.175807730221365,0,0
2025-06-15 23:00:00,41.85,39.00112014698304,0,0
2025-06-16 01:00:00,92.1,93.83208361368881,1,1
2025-06-16 02:00:00,109.12,95.02541373971515,1,1
2025-06-16 02:00:00,59.79,58.9929134395443,0,0
2025-06-16 02:00:00,49.73,42.33639807000709,0,0
2025-06-16 03:00:00,116.73,114.06100934574775,1,1
2025-06-16 04:00:00,94.69,101.30588388230183,1,1
2025-06-16 04:00:00,52.83,51.58016266580108,0,0
2025-06-16 04:00:00,32.0,30.259742121676673,0,0
2025-06-16 06:00:00,36.05,34.436849243780564,0,0
2025-06-16 06:00:00,35.45,30.420895353359484,0,0
2025-06-16 07:00:00,45.62,39.767936828101504,0,0
2025-06-16 08:00:00,34.7,40.45601238042583,0,0
2025-06-16 09:00:00,38.61,34.14194340582737,0,0
2025-06-16 09:00:00,41.04,49.28949553640015,0,0
2025-06-16 12:00:00,31.5,30.383560635726027,0,0
2025-06-16 12:00:00,30.41,25.218133803189765,0,0
2025-06-16 14:00:00,89.63,89.13725172176177,1,1
2025-06-16 14:00:00,78.49,78.15032884801951,1,1
2025-06-16 15:00:00,42.25,45.25911312773624,0,0
2025-06-16 16:00:00,29.8,33.52455068214804,0,0
2025-06-16 16:00:00,69.76,74.41946352696263,1,1
2025-06-16 16:00:00,38.76,40.46852725470245,0,0
2025-06-16 16:00:00,37.85,32.06232859312068,0,0
2025-06-16 16:00:00,60.0,57.011955597665676,0,0
2025-06-16 21:00:00,34.11,32.66431540515815,0,0
2025-06-16 21:00:00,75.18,57.51756666325001,1,0
2025-06-16 21:00:00,100.44,96.41521160194416,1,1
2025-06-16 22:00:00,58.06,50.687925168587626,0,0
2025-06-16 22:00:00,52.69,47.93570800397522,0,0
2025-06-16 23:00:00,22.26,22.45224811915633,0,0
2025-06-17 00:00:00,45.7,55.56860835110021,0,0
2025-06-17 00:00:00,48.35,54.09625173894783,0,0
2025-06-17 00:00:00,44.9,48.796270307633165,0,0
2025-06-17 00:00:00,92.82,88.66715866921405,1,1
2025-06-17 01:00:00,29.37,29.74745730785351,0,0
2025-06-17 01:00:00,92.84,97.29642342727783,1,1
2025-06-17 01:00:00,53.43,53.23944510750426,0,0
2025-06-17 05:00:00,51.46,53.243547205598965,0,0
2025-06-17 05:00:00,42.77,34.99562921430847,0,0
2025-06-17 06:00:00,101.48,109.14031193492195,1,1
2025-06-17 06:00:00,46.02,42.5184321090075,0,0
2025-06-17 07:00:00,36.95,39.710865006111455,0,0
2025-06-17 08:00:00,73.4,69.83150340758789,1,1
2025-06-17 08:00:00,30.75,33.47113289757142,0,0
2025-06-17 09:00:00,55.04,55.58767598426697,0,0
2025-06-17 10:00:00,45.13,47.11788134411811,0,0
2025-06-17 11:00:00,29.89,26.77405403907192,0,0
2025-06-17 12:00:00,55.41,58.50975831262395,0,0
2025-06-17 13:00:00,102.41,99.94171307963398,1,1
2025-06-17 15:00:00,63.46,62.863095865193934,0,0
2025-06-17 17:00:00,122.44,120.01488669198542,1,1
2025-06-17 18:00:00,27.27,29.28590223025469,0,0
2025-06-17 18:00:00,56.55,47.47307498001061,0,0
2025-06-17 19:00:00,40.48,41.18429658975384,0,0
2025-06-17 19:00:00,46.84,45.25325292014405,0,0
2025-06-17 21:00:00,66.63,70.18262064983638,1,1
2025-06-18 01:00:00,35.0,36.25873504207884,0,0
2025-06-18 01:00:00,36.73,38.964129425499024,0,0
2025-06-18 01:00:00,41.46,37.63765939306687,0,0
2025-06-18 01:00:00,47.05,47.712288535390606,0,0
2025-06-18 01:00:00,28.97,33.268434481307565,0,0
2025-06-18 02:00:00,30.5,31.249783106277516,0,0
2025-06-18 04:00:00,130.84,131.15195607384985,1,1
2025-06-18 05:00:00,32.8,35.277577083743964,0,0
2025-06-18 05:00:00,44.41,44.914717828709485,0,0
2025-06-18 07:00:00,154.31,151.3307881994863,1,1
2025-06-18 08:00:00,55.26,54.038811901050316,0,0
2025-06-18 09:00:00,32.13,39.6235228000467,0,0
2025-06-18 10:00:00,39.54,35.209963155023814,0,0
2025-06-18 10:00:00,39.26,39.029422864407856,0,0
2025-06-18 10:00:00,81.02,77.25359208665608,1,1
2025-06-18 10:00:00,52.12,38.19975801042373,0,0
2025-06-18 12:00:00,41.29,40.96806014701622,0,0
2025-06-18 12:00:00,24.29,29.956197367506185,0,0
2025-06-18 13:00:00,37.49,39.64603225766952,0,0
2025-06-18 13:00:00,41.02,41.49170264187933,0,0
2025-06-18 13:00:00,107.91,103.34885846149251,1,1
2025-06-18 17:00:00,43.24,48.40336453297885,0,0
2025-06-18 18:00:00,84.84,82.8350929775561,1,1
2025-06-18 19:00:00,87.47,83.90978135894164,1,1
2025-06-18 20:00:00,27.74,33.023769552958996,0,0
2025-06-18 22:00:00,26.91,27.497439308140518,0,0
2025-06-19 00:00:00,60.29,52.73207888253572,0,0
2025-06-19 01:00:00,53.62,42.092499959512566,0,0
2025-06-19 01:00:00,40.04,32.991458835050196,0,0
2025-06-19 03:00:00,46.53,43.679295569138034,0,0
2025-06-19 03:00:00,51.66,43.26677954056876,0,0
2025-06-19 03:00:00,47.3,45.215640566236175,0,0
2025-06-19 05:00:00,39.84,46.030356725955365,0,0
2025-06-19 05:00:00,51.42,43.110221739264745,0,0
2025-06-19 06:00:00,51.52,42.37491250918282,0,0
2025-06-19 06:00:00,37.45,34.63311391782656,0,0
2025-06-19 07:00:00,122.45,116.83031630460583,1,1
2025-06-19 08:00:00,37.93,36.81282073429318,0,0
2025-06-19 09:00:00,40.13,40.02756255131714,0,0
2025-06-19 10:00:00,20.32,24.011782065498792,0,0
2025-06-19 10:00:00,39.48,45.68214057345551,0,0
2025-06-19 10:00:00,39.03,29.53870923167898,0,0
2025-06-19 11:00:00,42.38,41.512516595815335,0,0
2025-06-19 12:00:00,22.2,20.993021405441745,0,0
2025-06-19 12:00:00,43.59,37.372977704993296,0,0
2025-06-19 13:00:00,31.38,28.00665354683423,0,0
2025-06-19 13:00:00,7.5,14.338742169135251,0,0
2025-06-19 14:00:00,87.65,83.27760653704408,1,1
2025-06-19 16:00:00,81.74,79.73263370426213,1,1
2025-06-19 17:00:00,33.97,42.62844510958449,0,0
2025-06-19 17:00:00,74.19,67.69932456601065,1,1
2025-06-19 22:00:00,29.53,28.471746599233587,0,0
2025-06-19 23:00:00,88.8,91.01620738769715,1,1
2025-06-19 23:00:00,35.61,34.477303017079095,0,0
2025-06-19 23:00:00,100.26,101.89084721215886,1,1
2025-06-20 02:00:00,78.12,77.38978991584099,1,1
2025-06-20 02:00:00,51.59,45.246682326853104,0,0
2025-06-20 03:00:00,14.42,20.998508526112836,0,0
2025-06-20 05:00:00,47.32,49.548227117199474,0,0
2025-06-20 06:00:00,56.27,53.115577933016496,0,0
2025-06-20 06:00:00,37.48,37.537326675607204,0,0
2025-06-20 06:00:00,43.14,47.70804595636346,0,0
2025-06-20 06:00:00,46.93,46.75277482750753,0,0
2025-06-20 07:00:00,49.85,58.015131154157956,0,0
2025-06-20 08:00:00,30.13,33.27064612427656,0,0
2025-06-20 09:00:00,15.79,24.878079677770895,0,0
2025-06-20 10:00:00,45.77,41.39047777811795,0,0
2025-06-20 10:00:00,49.15,44.89797080950951,0,0
2025-06-20 13:00:00,28.54,36.02127199259429,0,0
2025-06-20 15:00:00,89.24,89.05346931423736,1,1
2025-06-20 16:00:00,44.94,45.186843360507005,0,0
2025-06-20 17:00:00,58.64,61.150212943879545,0,0
2025-06-20 17:00:00,113.02,109.05177471360557,1,1
2025-06-20 21:00:00,43.88,46.64042771530518,0,0
2025-06-20 23:00:00,42.92,39.33462874452019,0,0
2025-06-21 01:00:00,40.28,34.77999864201324,0,0
2025-06-21 01:00:00,25.01,18.587453322757575,0,0
2025-06-21 02:00:00,121.38,122.47049368817449,1,1
2025-06-21 02:00:00,74.05,77.40978619485605,1,1
2025-06-21 03:00:00,31.07,38.406589724544816,0,0
2025-06-21 03:00:00,33.64,38.89498611035649,0,0
2025-06-21 03:00:00,34.69,34.58261624593213,0,0
2025-06-21 04:00:00,73.59,73.2489195120722,1,1
2025-06-21 04:00:00,41.83,31.364345627360674,0,0
2025-06-21 05:00:00,35.57,32.54734047163281,0,0
2025-06-21 07:00:00,45.69,44.1324978262799,0,0
2025-06-21 10:00:00,26.23,26.94854471148179,0,0
2025-06-21 10:00:00,21.89,30.004218912758752,0,0
2025-06-21 10:00:00,48.03,40.79076692784828,0,0
2025-06-21 11:00:00,36.73,39.673027227668626,0,0
2025-06-21 12:00:00,74.94,73.95199817776184,1,1
2025-06-21 13:00:00,54.29,55.28080961278301,0,0
2025-06-21 13:00:00,115.87,116.76426989121958,1,1
2025-06-21 13:00:00,44.94,42.25309981408787,0,0
2025-06-21 13:00:00,48.27,52.204875950652195,0,0
2025-06-21 14:00:00,34.41,30.84976734088185,0,0
2025-06-21 16:00:00,46.05,45.2709581782566,0,0
2025-06-21 16:00:00,30.85,32.65378595731542,0,0
2025-06-21 16:00:00,29.1,29.432811238989643,0,0
2025-06-21 19:00:00,51.93,55.03563519764814,0,0
2025-06-21 20:00:00,74.76,77.24301461852988,1,1
2025-06-21 20:00:00,80.78,84.5912437064755,1,1
2025-06-21 21:00:00,99.68,106.25094015065486,1,1
2025-06-21 22:00:00,64.87,60.34342911342035,1,0
2025-06-22 02:00:00,108.72,111.67384185096402,1,1
2025-06-22 02:00:00,111.78,103.60137759054314,1,1
2025-06-22 03:00:00,59.79,55.516121975449174,0,0
2025-06-22 03:00:00,54.94,48.392446073757554,0,0
2025-06-22 03:00:00,112.09,102.30855103337407,1,1
2025-06-22 03:00:00,55.47,50.96926679491126,0,0
2025-06-22 04:00:00,80.04,82.6326875779934,1,1
2025-06-22 05:00:00,81.56,86.82058391049566,1,1
2025-06-22 06:00:00,50.79,48.035468052880425,0,0
2025-06-22 06:00:00,73.99,74.0037862959338,1,1
2025-06-22 07:00:00,98.61,93.61954074693156,1,1
2025-06-22 07:00:00,52.48,41.53640050452434,0,0
2025-06-22 07:00:00,55.27,59.408570849114504,0,0
2025-06-22 07:00:00,82.22,97.12915205025163,1,1
2025-06-22 07:00:00,103.77,107.49058482919604,1,1
2025-06-22 08:00:00,76.46,72.73309481798303,1,1
2025-06-22 08:00:00,26.7,23.540340862404516,0,0
2025-06-22 09:00:00,25.44,31.311651162722026,0,0
2025-06-22 10:00:00,55.11,51.344289121306055,0,0
2025-06-22 10:00:00,119.05,109.16950949851366,1,1
2025-06-22 10:00:00,43.51,42.96941393695263,0,0
2025-06-22 10:00:00,104.92,96.63059599936295,1,1
2025-06-22 13:00:00,39.27,48.41574036799859,0,0
2025-06-22 14:00:00,55.53,48.86946305581323,0,0
2025-06-22 15:00:00,39.77,33.663856966939164,0,0
2025-06-22 15:00:00,21.4,22.941255223389504,0,0
2025-06-22 16:00:00,33.06,34.03167680575603,0,0
2025-06-22 17:00:00,33.98,39.07610717690528,0,0
2025-06-22 17:00:00,48.51,47.66065037543987,0,0
2025-06-22 18:00:00,104.4,95.09302594709932,1,1
2025-06-22 18:00:00,100.92,97.4720062707494,1,1
2025-06-22 18:00:00,70.4,63.32216589271073,1,1
2025-06-22 18:00:00,43.77,39.77602757725505,0,0
2025-06-22 22:00:00,42.02,42.01643838179706,0,0
2025-06-22 22:00:00,44.28,49.87346406603698,0,0
2025-06-23 00:00:00,38.63,41.310121299270925,0,0
2025-06-23 01:00:00,43.58,45.00374358232739,0,0
2025-06-23 01:00:00,58.2,52.97474875374819,0,0
2025-06-23 02:00:00,46.05,45.13005238569459,0,0
2025-06-23 03:00:00,83.64,80.77174064081132,1,1
2025-06-23 03:00:00,28.34,29.38994458199528,0,0
2025-06-23 04:00:00,42.16,47.61664833266354,0,0
2025-06-23 06:00:00,33.97,38.591925930935645,0,0
2025-06-23 06:00:00,125.42,123.37445807166733,1,1
2025-06-23 07:00:00,35.58,36.27784961866632,0,0
2025-06-23 07:00:00,25.06,26.688729706294083,0,0
2025-06-23 08:00:00,115.0,113.58790416397264,1,1
2025-06-23 11:00:00,34.91,43.70950350752606,0,0
2025-06-23 12:00:00,57.63,54.97321850288072,0,0
2025-06-23 12:00:00,60.66,60.38134570233629,0,0
2025-06-23 12:00:00,51.5,45.45845214158999,0,0
2025-06-23 14:00:00,35.43,39.239600185433964,0,0
2025-06-23 15:00:00,52.09,52.01652658785524,0,0
2025-06-23 16:00:00,51.55,45.93246476846541,0,0
2025-06-23 18:00:00,42.63,40.4886858329272,0,0
2025-06-23 19:00:00,53.7,48.45227679764514,0,0
2025-06-23 19:00:00,90.43,87.37335563642668,1,1
2025-06-23 20:00:00,36.0,38.85307413506778,0,0
2025-06-23 20:00:00,117.09,118.0733067393302,1,1
2025-06-23 21:00:00,18.94,27.84943611648563,0,0
2025-06-23 22:00:00,91.78,87.18599456668923,1,1
2025-06-23 23:00:00,114.35,114.10277348413256,1,1
2025-06-24 01:00:00,48.39,53.57802265717174,0,0
2025-06-24 01:00:00,43.36,48.10341739823938,0,0
2025-06-24 01:00:00,45.5,40.94285055064005,0,0
2025-06-24 02:00:00,58.35,62.43998434803928,0,1
2025-06-24 02:00:00,53.15,49.71080764340634,0,0
2025-06-24 02:00:00,41.94,34.820841790200674,0,0
2025-06-24 03:00:00,88.0,90.01512228528662,1,1
2025-06-24 04:00:00,38.23,39.91304349054511,0,0
2025-06-24 04:00:00,96.6,94.39937845008092,1,1
2025-06-24 05:00:00,39.99,39.69166341629181,0,0
2025-06-24 06:00:00,92.44,87.7776658977757,1,1
2025-06-24 06:00:00,114.43,112.78953969052563,1,1
2025-06-24 07:00:00,106.1,101.76096083490603,1,1
2025-06-24 09:00:00,21.66,26.850083020209247,0,0
2025-06-24 09:00:00,92.85,93.92831309467537,1,1
2025-06-24 10:00:00,34.44,44.63266325802285,0,0
2025-06-24 11:00:00,36.89,33.02607760944611,0,0
2025-06-24 12:00:00,89.63,89.59631579843553,1,1
2025-06-24 12:00:00,38.46,42.686166091608534,0,0
2025-06-24 12:00:00,94.33,92.36052242814888,1,1
2025-06-24 15:00:00,44.75,45.96253842199693,0,0
2025-06-24 17:00:00,120.26,124.11913003141342,1,1
2025-06-24 19:00:00,43.04,46.614537538481414,0,0
2025-06-24 21:00:00,62.18,61.032786647176266,0,0
2025-06-24 21:00:00,41.48,38.931041795037295,0,0
2025-06-24 22:00:00,30.47,32.40236739209908,0,0
2025-06-24 23:00:00,30.38,28.824984824005835,0,0
2025-06-24 23:00:00,65.46,58.9922827883192,1,0
2025-06-24 23:00:00,46.37,43.458206027104396,0,0
2025-06-24 23:00:00,40.21,39.35195884046686,0,0
2025-06-25 00:00:00,72.15,63.62681410011,1,1
2025-06-25 00:00:00,44.93,46.088811638144534,0,0
2025-06-25 00:00:00,88.9,97.06383601004319,1,1
2025-06-25 00:00:00,34.15,42.9515740581362,0,0
2025-06-25 02:00:00,98.36,106.99815499156173,1,1
2025-06-25 03:00:00,35.17,34.86968924664254,0,0
2025-06-25 04:00:00,56.7,58.84937055098261,0,0
2025-06-25 06:00:00,57.78,53.65947214359718,0,0
2025-06-25 06:00:00,53.09,56.90262637247701,0,0
2025-06-25 06:00:00,21.12,17.932862636933983,0,0
2025-06-25 07:00:00,55.3,47.26374667009329,0,0
2025-06-25 08:00:00,115.42,109.49235524838105,1,1
2025-06-25 08:00:00,15.64,17.452486150669145,0,0
2025-06-25 11:00:00,38.2,33.827817937477825,0,0
2025-06-25 12:00:00,44.18,44.09400888088966,0,0
2025-06-25 13:00:00,31.48,35.489478320952344,0,0
2025-06-25 13:00:00,50.18,48.69432885084524,0,0
2025-06-25 14:00:00,106.1,100.72781719004138,1,1
2025-06-25 14:00:00,48.21,46.14707570696498,0,0
2025-06-25 18:00:00,33.26,31.57499495661518,0,0
2025-06-25 18:00:00,20.69,18.82000692077043,0,0
2025-06-25 19:00:00,50.27,39.323606442023646,0,0
2025-06-25 19:00:00,28.09,30.464395433749395,0,0
2025-06-25 21:00:00,31.57,26.07753466255003,0,0
2025-06-25 21:00:00,32.32,35.945136205995006,0,0
2025-06-25 23:00:00,51.39,48.505307505757784,0,0
2025-06-25 23:00:00,35.75,32.57109141048761,0,0
2025-06-26 01:00:00,35.83,39.08949463208921,0,0
2025-06-26 01:00:00,83.69,94.31594294348899,1,1
2025-06-26 01:00:00,42.47,43.36472242176154,0,0
2025-06-26 02:00:00,41.28,38.028818987621335,0,0
2025-06-26 03:00:00,73.12,76.0392447569357,1,1
2025-06-26 03:00:00,53.61,46.78687022500281,0,0
2025-06-26 05:00:00,40.17,37.4614591530432,0,0
2025-06-26 07:00:00,25.75,18.124538307421588,0,0
2025-06-26 08:00:00,39.69,39.541652444436366,0,0
2025-06-26 08:00:00,41.88,40.82508067534833,0,0
2025-06-26 08:00:00,25.76,27.710804703257182,0,0
2025-06-26 08:00:00,27.95,33.79537285621714,0,0
2025-06-26 08:00:00,25.73,24.14782448159322,0,0
2025-06-26 10:00:00,34.95,37.29679126557195,0,0
2025-06-26 10:00:00,94.0,99.39300587471261,1,1
2025-06-26 10:00:00,34.74,34.27143254533799,0,0
2025-06-26 11:00:00,45.0,39.44430616435669,0,0
2025-06-26 12:00:00,29.13,27.874424279300996,0,0
2025-06-26 12:00:00,63.36,56.558898475241776,0,0
2025-06-26 14:00:00,36.8,32.391172251691486,0,0
2025-06-26 15:00:00,35.09,33.675524768282216,0,0
2025-06-26 15:00:00,44.32,37.52066534136767,0,0
2025-06-26 16:00:00,53.93,57.72937992731904,0,0
2025-06-26 17:00:00,69.04,65.71406633915628,1,1
2025-06-26 18:00:00,43.45,38.05445794037826,0,0
2025-06-26 19:00:00,36.47,41.43871523381494,0,0
2025-06-26 19:00:00,132.04,123.26748609642362,1,1
2025-06-26 19:00:00,46.87,48.434163163830675,0,0
2025-06-26 20:00:00,75.1,75.83224060040932,1,1
2025-06-26 20:00:00,33.13,35.72815296388137,0,0
2025-06-26 23:00:00,100.37,96.32761096619427,1,1
2025-06-27 00:00:00,38.76,39.159117093852245,0,0
2025-06-27 01:00:00,55.19,53.800280309680616,0,0
2025-06-27 01:00:00,31.62,32.598450693736694,0,0
2025-06-27 03:00:00,43.51,45.639716634569226,0,0
2025-06-27 07:00:00,42.92,42.96384791771844,0,0
2025-06-27 07:00:00,40.02,37.652332329117606,0,0
2025-06-27 08:00:00,76.68,73.78044951838822,1,1
2025-06-27 09:00:00,34.45,38.72123121514146,0,0
2025-06-27 10:00:00,37.04,35.95938737939541,0,0
2025-06-27 10:00:00,41.85,38.796969811950504,0,0
2025-06-27 10:00:00,24.42,29.13986616290457,0,0
2025-06-27 11:00:00,34.35,31.689001457718696,0,0
2025-06-27 11:00:00,126.31,129.0072604418673,1,1
2025-06-27 12:00:00,44.87,38.26087351853769,0,0
2025-06-27 12:00:00,48.55,42.06176577328347,0,0
2025-06-27 13:00:00,46.13,51.30529937038347,0,0
2025-06-27 13:00:00,18.05,15.771024858502912,0,0
2025-06-27 15:00:00,30.6,34.56645134478463,0,0
2025-06-27 17:00:00,36.91,39.93545029461396,0,0
2025-06-27 18:00:00,73.13,74.51490203124727,1,1
2025-06-27 18:00:00,31.52,30.74060139497981,0,0
2025-06-27 18:00:00,25.81,40.563371554211514,0,0
2025-06-27 19:00:00,25.32,34.47634305971802,0,0
2025-06-27 20:00:00,47.65,49.43424539427266,0,0
2025-06-27 20:00:00,72.11,77.69093028867582,1,1
2025-06-27 22:00:00,57.65,55.79635180881908,0,0
2025-06-27 22:00:00,77.06,76.21937796768287,1,1
2025-06-28 00:00:00,43.92,44.737637071687985,0,0
2025-06-28 02:00:00,42.94,46.73271774926601,0,0
2025-06-28 02:00:00,42.46,34.71506506000631,0,0
2025-06-28 02:00:00,35.27,33.776191941911875,0,0
2025-06-28 04:00:00,70.86,73.87367378012277,1,1
2025-06-28 04:00:00,121.26,122.24107032658114,1,1
2025-06-28 05:00:00,25.17,26.878566604290366,0,0
2025-06-28 06:00:00,82.29,85.7939062932895,1,1
2025-06-28 06:00:00,51.71,52.15716837991615,0,0
2025-06-28 06:00:00,86.15,85.40328195470047,1,1
2025-06-28 09:00:00,35.04,37.16166235995672,0,0
2025-06-28 10:00:00,22.04,18.798554096670664,0,0
2025-06-28 10:00:00,44.7,40.748798200024154,0,0
2025-06-28 10:00:00,20.82,22.303487711911814,0,0
2025-06-28 11:00:00,33.5,27.304670148966096,0,0
2025-06-28 11:00:00,32.03,32.09470589741553,0,0
2025-06-28 13:00:00,48.13,44.91259080863158,0,0
2025-06-28 13:00:00,88.12,93.27165381965366,1,1
2025-06-28 13:00:00,39.56,39.338526248573984,0,0
2025-06-28 14:00:00,122.89,118.449827040945,1,1
2025-06-28 14:00:00,106.44,102.36812707309375,1,1
2025-06-28 14:00:00,35.95,36.26848857602991,0,0
2025-06-28 15:00:00,22.6,32.52260078761827,0,0
2025-06-28 15:00:00,6.45,7.719473919678684,0,0
2025-06-28 17:00:00,88.56,87.0068275649966,1,1
2025-06-28 17:00:00,37.42,35.164404571858995,0,0
2025-06-28 18:00:00,60.79,58.13407363836235,0,0
2025-06-28 18:00:00,49.42,58.458799384749916,0,0
2025-06-28 21:00:00,29.07,33.45953937858677,0,0
2025-06-28 21:00:00,40.5,36.28349447228659,0,0
2025-06-28 21:00:00,29.08,34.54289180610758,0,0
2025-06-29 00:00:00,56.6,51.12766790654561,0,0
2025-06-29 01:00:00,50.5,49.02033528749372,0,0
2025-06-29 02:00:00,53.14,44.39920717533238,0,0
2025-06-29 02:00:00,39.05,41.24197682324784,0,0
2025-06-29 04:00:00,22.79,20.62253306042767,0,0
2025-06-29 08:00:00,35.63,42.852403449008634,0,0
2025-06-29 09:00:00,46.12,44.520859998337315,0,0
2025-06-29 09:00:00,44.27,34.426748968433124,0,0
2025-06-29 10:00:00,40.79,33.419431482904066,0,0
2025-06-29 11:00:00,57.99,53.16984913438877,0,0
2025-06-29 12:00:00,57.37,52.969693087232095,0,0
2025-06-29 12:00:00,37.45,32.18790555861277,0,0
2025-06-29 14:00:00,42.09,39.33483750696626,0,0
2025-06-29 15:00:00,88.66,93.31775387221741,1,1
2025-06-29 16:00:00,40.88,39.87230272768261,0,0
2025-06-29 16:00:00,52.47,56.292541382551384,0,0
2025-06-29 16:00:00,88.58,90.68046901761221,1,1
2025-06-29 16:00:00,120.73,120.49376208216663,1,1
2025-06-29 18:00:00,37.39,35.70696220602308,0,0
2025-06-29 20:00:00,36.55,32.44906919445215,0,0
2025-06-29 20:00:00,124.62,124.55908279653988,1,1
2025-06-29 22:00:00,14.88,13.84869545177719,0,0
2025-06-29 23:00:00,41.62,44.011610132242694,0,0
